<?xml version="1.0" encoding="utf-8" ?>
<dwsync>
<file name="functions.js" server="C:/xampp/htdocs/LKH/" local="129186435993593750" remote="129186435990000000" />
<file name="tabs.png" server="C:/xampp/htdocs/LKH/" local="129082782865781250" remote="129082782860000000" />
<file name="grid.png" server="C:/xampp/htdocs/LKH/" local="129082782863281250" remote="129082782860000000" />
<file name="button.png" server="C:/xampp/htdocs/LKH/" local="129082782860937500" remote="129082782860000000" />
<file name="checkbox.png" server="C:/xampp/htdocs/LKH/" local="129082782861875000" remote="129082782860000000" />
<file name="radio.png" server="C:/xampp/htdocs/LKH/" local="129082782865625000" remote="129082782860000000" />
<file name="combo.png" server="C:/xampp/htdocs/LKH/" local="129082782862031250" remote="129082782860000000" />
<file name="icons.png" server="C:/xampp/htdocs/LKH/" local="129082782863281250" remote="129082782860000000" />
<file name="aw.js" server="C:/xampp/htdocs/LKH/" local="129082782860625000" remote="129082782860000000" />
<file name="aw.css" server="C:/xampp/htdocs/LKH/" local="129177826636250000" remote="129177826630000000" />
</dwsync>